t,yA,yT
0.0,1,1.0
0.25,1.25,1.2840254166877414
0.5,1.5625,1.6487212707001282
0.75,1.953125,2.117000016612675
1.0,2.44140625,2.718281828459045
1.25,3.0517578125,3.4903429574618414
1.5,3.814697265625,4.4816890703380645
1.75,4.76837158203125,5.754602676005731
