t,yA,yT
0.0,-2,1.0
0.5,-3.0,1.6487212707001282
1.0,-3.0,2.718281828459045
1.5,-1.5,4.4816890703380645
